<?xml version="1.0" encoding="UTF-8"?>
<project-private xmlns="http://www.netbeans.org/ns/project-private/1">
    <editor-bookmarks xmlns="http://www.netbeans.org/ns/editor-bookmarks/2" lastBookmarkId="0"/>
    <open-files xmlns="http://www.netbeans.org/ns/projectui-open-files/2">
        <group>
            <file>file:/C:/Users/HP/Desktop/cmsfinal/Complain%20Management%20System/Complain_Management_System/src/complain_management_system/DbConnection.java</file>
            <file>file:/C:/Users/HP/Desktop/cmsfinal/Complain%20Management%20System/Complain_Management_System/src/complain_management_system/Main_GUI.java</file>
            <file>file:/C:/Users/HP/Desktop/cmsfinal/Complain%20Management%20System/Complain_Management_System/src/complain_management_system/ComplainForm.java</file>
            <file>file:/C:/Users/HP/Desktop/cmsfinal/Complain%20Management%20System/Complain_Management_System/src/complain_management_system/CheckStatus.java</file>
            <file>file:/C:/Users/HP/Desktop/cmsfinal/Complain%20Management%20System/Complain_Management_System/src/complain_management_system/UpdateUserProfile.java</file>
            <file>file:/C:/Users/HP/Desktop/cmsfinal/Complain%20Management%20System/Complain_Management_System/src/complain_management_system/SignUp_GUI.java</file>
        </group>
    </open-files>
</project-private>
